[
    {
        "Splurket DRAFT": "Existing Cash @ 12/1/20",
        "__EMPTY": 20000
    },
    {
        "Splurket DRAFT": "Runway (Months)",
        "__EMPTY": "Indefinite"
    },
    {
        "Splurket DRAFT": "Inversion date (Cash negative by end of Month)",
        "__EMPTY": "&gt;13 months"
    },
    {
        "Splurket DRAFT": "Cash @ inversion date",
        "__EMPTY": "N/A"
    },
    {
        "__EMPTY": 44166,
        "__EMPTY_1": 44197,
        "__EMPTY_2": 44228,
        "__EMPTY_3": 44256,
        "__EMPTY_4": 44287,
        "__EMPTY_5": 44317,
        "__EMPTY_6": 44348,
        "__EMPTY_7": 44378,
        "__EMPTY_8": 44409,
        "__EMPTY_9": 44440,
        "__EMPTY_10": 44470,
        "__EMPTY_11": 44501,
        "__EMPTY_12": 44531,
        "__EMPTY_13": "13 Month Total",
        "__EMPTY_14": "Monthly Average",
        "__EMPTY_15": "Comments"
    },
    {
        "Splurket DRAFT": "P&amp;L"
    },
    {
        "Splurket DRAFT": "Revenues"
    },
    {
        "Splurket DRAFT": "Business Revenue"
    },
    {
        "Splurket DRAFT": "Recurring Subscription",
        "__EMPTY": 1000,
        "__EMPTY_1": 1000,
        "__EMPTY_2": 1000,
        "__EMPTY_3": 1000,
        "__EMPTY_4": 1000,
        "__EMPTY_5": 1000,
        "__EMPTY_6": 1000,
        "__EMPTY_7": 1000,
        "__EMPTY_8": 1000,
        "__EMPTY_9": 1000,
        "__EMPTY_10": 1000,
        "__EMPTY_11": 1000,
        "__EMPTY_12": 1000,
        "__EMPTY_13": 13000,
        "__EMPTY_14": 1000
    },
    {
        "Splurket DRAFT": "One Time Proposals",
        "__EMPTY_3": 2500,
        "__EMPTY_6": 2500,
        "__EMPTY_9": 2500,
        "__EMPTY_12": 2500,
        "__EMPTY_13": 10000,
        "__EMPTY_14": 769.2307692
    },
    {
        "Splurket DRAFT": "Other Recurring",
        "__EMPTY_13": 0,
        "__EMPTY_14": 0
    },
    {
        "__EMPTY_13": 0,
        "__EMPTY_14": 0
    },
    {
        "Splurket DRAFT": "Total Business Revenue",
        "__EMPTY": 1000,
        "__EMPTY_1": 1000,
        "__EMPTY_2": 1000,
        "__EMPTY_3": 3500,
        "__EMPTY_4": 1000,
        "__EMPTY_5": 1000,
        "__EMPTY_6": 3500,
        "__EMPTY_7": 1000,
        "__EMPTY_8": 1000,
        "__EMPTY_9": 3500,
        "__EMPTY_10": 1000,
        "__EMPTY_11": 1000,
        "__EMPTY_12": 3500,
        "__EMPTY_13": 23000,
        "__EMPTY_14": 1769.230769
    },
    {
        "Splurket DRAFT": "Other Income"
    },
    {
        "Splurket DRAFT": "Grants Income",
        "__EMPTY": 1000,
        "__EMPTY_3": 10000,
        "__EMPTY_6": 10000,
        "__EMPTY_9": 15000,
        "__EMPTY_12": 20000,
        "__EMPTY_13": 56000,
        "__EMPTY_14": 4307.692308,
        "__EMPTY_15": "Maybe a federal Tele Health Grant"
    },
    {
        "Splurket DRAFT": "Other Revenues",
        "__EMPTY_1": "",
        "__EMPTY_2": "",
        "__EMPTY_3": "",
        "__EMPTY_4": "",
        "__EMPTY_5": "",
        "__EMPTY_6": "",
        "__EMPTY_7": "",
        "__EMPTY_8": "",
        "__EMPTY_9": "",
        "__EMPTY_10": "",
        "__EMPTY_11": "",
        "__EMPTY_12": "",
        "__EMPTY_13": 0,
        "__EMPTY_14": 0
    },
    {
        "Splurket DRAFT": "Total Other Income",
        "__EMPTY": 1000,
        "__EMPTY_1": 0,
        "__EMPTY_2": 0,
        "__EMPTY_3": 10000,
        "__EMPTY_4": 0,
        "__EMPTY_5": 0,
        "__EMPTY_6": 10000,
        "__EMPTY_7": 0,
        "__EMPTY_8": 0,
        "__EMPTY_9": 15000,
        "__EMPTY_10": 0,
        "__EMPTY_11": 0,
        "__EMPTY_12": 20000,
        "__EMPTY_13": 56000,
        "__EMPTY_14": 4307.692308
    },
    {
        "Splurket DRAFT": "Total Revenues",
        "__EMPTY": 2000,
        "__EMPTY_1": 1000,
        "__EMPTY_2": 1000,
        "__EMPTY_3": 13500,
        "__EMPTY_4": 1000,
        "__EMPTY_5": 1000,
        "__EMPTY_6": 13500,
        "__EMPTY_7": 1000,
        "__EMPTY_8": 1000,
        "__EMPTY_9": 18500,
        "__EMPTY_10": 1000,
        "__EMPTY_11": 1000,
        "__EMPTY_12": 23500,
        "__EMPTY_13": 79000,
        "__EMPTY_14": 6076.923077
    },
    {
        "Splurket DRAFT": "Cost of Goods Sold"
    },
    {
        "Splurket DRAFT": "Direct Marketing ",
        "__EMPTY": 50,
        "__EMPTY_1": 50,
        "__EMPTY_2": 50,
        "__EMPTY_3": 50,
        "__EMPTY_4": 50,
        "__EMPTY_5": 50,
        "__EMPTY_6": 50,
        "__EMPTY_7": 50,
        "__EMPTY_8": 50,
        "__EMPTY_9": 50,
        "__EMPTY_10": 50,
        "__EMPTY_11": 50,
        "__EMPTY_12": 50,
        "__EMPTY_13": 650,
        "__EMPTY_14": 50
    },
    {
        "Splurket DRAFT": "Travel",
        "__EMPTY": 100,
        "__EMPTY_1": 100,
        "__EMPTY_2": 100,
        "__EMPTY_3": 100,
        "__EMPTY_4": 100,
        "__EMPTY_5": 100,
        "__EMPTY_6": 100,
        "__EMPTY_7": 100,
        "__EMPTY_8": 100,
        "__EMPTY_9": 100,
        "__EMPTY_10": 100,
        "__EMPTY_11": 100,
        "__EMPTY_12": 100,
        "__EMPTY_13": 1300,
        "__EMPTY_14": 100
    },
    {
        "Splurket DRAFT": "M&amp;E",
        "__EMPTY": 50,
        "__EMPTY_1": 50,
        "__EMPTY_2": 50,
        "__EMPTY_3": 50,
        "__EMPTY_4": 50,
        "__EMPTY_5": 50,
        "__EMPTY_6": 50,
        "__EMPTY_7": 50,
        "__EMPTY_8": 50,
        "__EMPTY_9": 50,
        "__EMPTY_10": 50,
        "__EMPTY_11": 50,
        "__EMPTY_12": 50,
        "__EMPTY_13": 650,
        "__EMPTY_14": 50
    },
    {
        "Splurket DRAFT": "Gifts",
        "__EMPTY": 50,
        "__EMPTY_1": 50,
        "__EMPTY_2": 50,
        "__EMPTY_3": 50,
        "__EMPTY_4": 50,
        "__EMPTY_5": 50,
        "__EMPTY_6": 50,
        "__EMPTY_7": 50,
        "__EMPTY_8": 50,
        "__EMPTY_9": 50,
        "__EMPTY_10": 50,
        "__EMPTY_11": 50,
        "__EMPTY_12": 50,
        "__EMPTY_13": 650,
        "__EMPTY_14": 50
    },
    {
        "Splurket DRAFT": "Mileage/ Parking/ Tolls",
        "__EMPTY": 50,
        "__EMPTY_1": 50,
        "__EMPTY_2": 50,
        "__EMPTY_3": 50,
        "__EMPTY_4": 50,
        "__EMPTY_5": 50,
        "__EMPTY_6": 50,
        "__EMPTY_7": 50,
        "__EMPTY_8": 50,
        "__EMPTY_9": 50,
        "__EMPTY_10": 50,
        "__EMPTY_11": 50,
        "__EMPTY_12": 50,
        "__EMPTY_13": 650,
        "__EMPTY_14": 50
    },
    {
        "Splurket DRAFT": "Other"
    },
    {
        "Splurket DRAFT": "Total COGS",
        "__EMPTY": 300,
        "__EMPTY_1": 300,
        "__EMPTY_2": 300,
        "__EMPTY_3": 300,
        "__EMPTY_4": 300,
        "__EMPTY_5": 300,
        "__EMPTY_6": 300,
        "__EMPTY_7": 300,
        "__EMPTY_8": 300,
        "__EMPTY_9": 300,
        "__EMPTY_10": 300,
        "__EMPTY_11": 300,
        "__EMPTY_12": 300,
        "__EMPTY_13": 3900,
        "__EMPTY_14": 300
    },
    {
        "Splurket DRAFT": "Gross Profit",
        "__EMPTY": 1700,
        "__EMPTY_1": 700,
        "__EMPTY_2": 700,
        "__EMPTY_3": 13200,
        "__EMPTY_4": 700,
        "__EMPTY_5": 700,
        "__EMPTY_6": 13200,
        "__EMPTY_7": 700,
        "__EMPTY_8": 700,
        "__EMPTY_9": 18200,
        "__EMPTY_10": 700,
        "__EMPTY_11": 700,
        "__EMPTY_12": 23200,
        "__EMPTY_13": 75100,
        "__EMPTY_14": 5776.923077
    },
    {
        "Splurket DRAFT": "Labor"
    },
    {
        "Splurket DRAFT": "Senior Instructor",
        "__EMPTY_4": "",
        "__EMPTY_5": "",
        "__EMPTY_6": "",
        "__EMPTY_7": "",
        "__EMPTY_8": "",
        "__EMPTY_9": "",
        "__EMPTY_10": "",
        "__EMPTY_11": "",
        "__EMPTY_12": "",
        "__EMPTY_13": 0,
        "__EMPTY_14": 0
    },
    {
        "Splurket DRAFT": "Junior Instructor",
        "__EMPTY_3": 2000,
        "__EMPTY_4": 2000,
        "__EMPTY_5": 2000,
        "__EMPTY_6": 2000,
        "__EMPTY_7": 2000,
        "__EMPTY_8": 2000,
        "__EMPTY_9": 2000,
        "__EMPTY_10": 2000,
        "__EMPTY_11": 2000,
        "__EMPTY_12": 2000,
        "__EMPTY_13": 20000,
        "__EMPTY_14": 1538.461538
    },
    {
        "Splurket DRAFT": "Assistant",
        "__EMPTY_5": 0,
        "__EMPTY_6": 0,
        "__EMPTY_7": 0,
        "__EMPTY_8": 0,
        "__EMPTY_9": 0,
        "__EMPTY_10": 0,
        "__EMPTY_11": 0,
        "__EMPTY_12": 0,
        "__EMPTY_13": 0,
        "__EMPTY_14": 0
    },
    {
        "Splurket DRAFT": "Total Outsourced Staff Costs",
        "__EMPTY": 0,
        "__EMPTY_1": 0,
        "__EMPTY_2": 0,
        "__EMPTY_3": 2000,
        "__EMPTY_4": 2000,
        "__EMPTY_5": 2000,
        "__EMPTY_6": 2000,
        "__EMPTY_7": 2000,
        "__EMPTY_8": 2000,
        "__EMPTY_9": 2000,
        "__EMPTY_10": 2000,
        "__EMPTY_11": 2000,
        "__EMPTY_12": 2000,
        "__EMPTY_13": 20000,
        "__EMPTY_14": 1538.461538
    },
    {
        "Splurket DRAFT": "Direct Wages"
    },
    {
        "Splurket DRAFT": "Woody IT Guru/ Grants admin",
        "__EMPTY_1": 2500,
        "__EMPTY_2": 2500,
        "__EMPTY_3": 2500,
        "__EMPTY_4": 2500,
        "__EMPTY_5": 2500,
        "__EMPTY_6": 2500,
        "__EMPTY_7": 2500,
        "__EMPTY_8": 2500,
        "__EMPTY_9": 2500,
        "__EMPTY_10": 2500,
        "__EMPTY_11": 2500,
        "__EMPTY_12": 2500,
        "__EMPTY_13": 30000,
        "__EMPTY_14": 2307.692308,
        "__EMPTY_15": "Consider hiring Woody or other to attain group status for benefits"
    },
    {
        "__EMPTY_13": 0,
        "__EMPTY_14": 0
    },
    {
        "__EMPTY_13": 0,
        "__EMPTY_14": 0
    },
    {
        "Splurket DRAFT": "Total Gross Wages",
        "__EMPTY": 0,
        "__EMPTY_1": 2500,
        "__EMPTY_2": 2500,
        "__EMPTY_3": 2500,
        "__EMPTY_4": 2500,
        "__EMPTY_5": 2500,
        "__EMPTY_6": 2500,
        "__EMPTY_7": 2500,
        "__EMPTY_8": 2500,
        "__EMPTY_9": 2500,
        "__EMPTY_10": 2500,
        "__EMPTY_11": 2500,
        "__EMPTY_12": 2500,
        "__EMPTY_13": 30000,
        "__EMPTY_14": 2307.692308
    },
    {
        "Splurket DRAFT": "Payroll Burden"
    },
    {
        "Splurket DRAFT": "Top line estimate (15%)",
        "__EMPTY": 0,
        "__EMPTY_1": 375,
        "__EMPTY_2": 375,
        "__EMPTY_3": 375,
        "__EMPTY_4": 375,
        "__EMPTY_5": 375,
        "__EMPTY_6": 375,
        "__EMPTY_7": 375,
        "__EMPTY_8": 375,
        "__EMPTY_9": 375,
        "__EMPTY_10": 375,
        "__EMPTY_11": 375,
        "__EMPTY_12": 375,
        "__EMPTY_13": 4500,
        "__EMPTY_14": 346.1538462
    },
    {
        "Splurket DRAFT": "ER FICA (SS/ Medicare)",
        "__EMPTY_13": 0,
        "__EMPTY_14": 0
    },
    {
        "Splurket DRAFT": "CA UI",
        "__EMPTY_13": 0,
        "__EMPTY_14": 0
    },
    {
        "Splurket DRAFT": "ETT",
        "__EMPTY_13": 0,
        "__EMPTY_14": 0
    },
    {
        "Splurket DRAFT": "Workers comp 2.8% rate TBD",
        "__EMPTY": 0,
        "__EMPTY_1": 25,
        "__EMPTY_2": 25,
        "__EMPTY_3": 25,
        "__EMPTY_4": 25,
        "__EMPTY_5": 25,
        "__EMPTY_6": 25,
        "__EMPTY_7": 25,
        "__EMPTY_8": 25,
        "__EMPTY_9": 25,
        "__EMPTY_10": 25,
        "__EMPTY_11": 25,
        "__EMPTY_12": 25,
        "__EMPTY_13": 300,
        "__EMPTY_14": 23.07692308
    },
    {
        "Splurket DRAFT": "Group Life/ Dis Benefits",
        "__EMPTY_1": 30,
        "__EMPTY_2": 30,
        "__EMPTY_3": 30,
        "__EMPTY_4": 30,
        "__EMPTY_5": 30,
        "__EMPTY_6": 30,
        "__EMPTY_7": 30,
        "__EMPTY_8": 30,
        "__EMPTY_9": 30,
        "__EMPTY_10": 30,
        "__EMPTY_11": 30,
        "__EMPTY_12": 30,
        "__EMPTY_13": 360,
        "__EMPTY_14": 27.69230769
    },
    {
        "Splurket DRAFT": "Total Payroll Burden",
        "__EMPTY": 0,
        "__EMPTY_1": 430,
        "__EMPTY_2": 430,
        "__EMPTY_3": 430,
        "__EMPTY_4": 430,
        "__EMPTY_5": 430,
        "__EMPTY_6": 430,
        "__EMPTY_7": 430,
        "__EMPTY_8": 430,
        "__EMPTY_9": 430,
        "__EMPTY_10": 430,
        "__EMPTY_11": 430,
        "__EMPTY_12": 430,
        "__EMPTY_13": 5160,
        "__EMPTY_14": 396.9230769
    },
    {
        "Splurket DRAFT": "Total Labor",
        "__EMPTY": 0,
        "__EMPTY_1": 2930,
        "__EMPTY_2": 2930,
        "__EMPTY_3": 4930,
        "__EMPTY_4": 4930,
        "__EMPTY_5": 4930,
        "__EMPTY_6": 4930,
        "__EMPTY_7": 4930,
        "__EMPTY_8": 4930,
        "__EMPTY_9": 4930,
        "__EMPTY_10": 4930,
        "__EMPTY_11": 4930,
        "__EMPTY_12": 4930,
        "__EMPTY_13": 55160,
        "__EMPTY_14": 4243.076923
    },
    {
        "Splurket DRAFT": "Direct Expenses"
    },
    {
        "Splurket DRAFT": "Licensing",
        "__EMPTY": 50,
        "__EMPTY_1": 79,
        "__EMPTY_2": 500,
        "__EMPTY_3": 500,
        "__EMPTY_13": 1129,
        "__EMPTY_14": 86.84615385,
        "__EMPTY_15": "&lt;---- Reimbursements?"
    },
    {
        "Splurket DRAFT": "Other",
        "__EMPTY_1": 100,
        "__EMPTY_2": 100,
        "__EMPTY_3": 100,
        "__EMPTY_4": 100,
        "__EMPTY_5": 100,
        "__EMPTY_6": 100,
        "__EMPTY_7": 100,
        "__EMPTY_8": 100,
        "__EMPTY_9": 100,
        "__EMPTY_10": 100,
        "__EMPTY_11": 100,
        "__EMPTY_12": 100,
        "__EMPTY_13": 1200,
        "__EMPTY_14": 92.30769231
    },
    {
        "Splurket DRAFT": "CPE",
        "__EMPTY": 250,
        "__EMPTY_1": 250,
        "__EMPTY_2": 250,
        "__EMPTY_3": 250,
        "__EMPTY_4": 250,
        "__EMPTY_5": 250,
        "__EMPTY_6": 250,
        "__EMPTY_7": 250,
        "__EMPTY_8": 250,
        "__EMPTY_9": 250,
        "__EMPTY_10": 250,
        "__EMPTY_11": 250,
        "__EMPTY_12": 250,
        "__EMPTY_13": 3250,
        "__EMPTY_14": 250
    },
    {
        "Splurket DRAFT": "Training",
        "__EMPTY": 100,
        "__EMPTY_1": 100,
        "__EMPTY_2": 100,
        "__EMPTY_3": 100,
        "__EMPTY_4": 100,
        "__EMPTY_5": 100,
        "__EMPTY_6": 100,
        "__EMPTY_7": 100,
        "__EMPTY_8": 100,
        "__EMPTY_9": 100,
        "__EMPTY_10": 100,
        "__EMPTY_11": 100,
        "__EMPTY_12": 100,
        "__EMPTY_13": 1300,
        "__EMPTY_14": 100
    },
    {
        "Splurket DRAFT": "Office Supplies",
        "__EMPTY": 100,
        "__EMPTY_1": 100,
        "__EMPTY_2": 100,
        "__EMPTY_3": 100,
        "__EMPTY_4": 100,
        "__EMPTY_5": 100,
        "__EMPTY_6": 100,
        "__EMPTY_7": 100,
        "__EMPTY_8": 100,
        "__EMPTY_9": 100,
        "__EMPTY_10": 100,
        "__EMPTY_11": 100,
        "__EMPTY_12": 100,
        "__EMPTY_13": 1300,
        "__EMPTY_14": 100
    },
    {
        "Splurket DRAFT": "Misc. Equipment",
        "__EMPTY": 100,
        "__EMPTY_1": 500,
        "__EMPTY_2": 100,
        "__EMPTY_3": 100,
        "__EMPTY_4": 100,
        "__EMPTY_5": 100,
        "__EMPTY_6": 100,
        "__EMPTY_7": 100,
        "__EMPTY_8": 100,
        "__EMPTY_9": 100,
        "__EMPTY_10": 100,
        "__EMPTY_11": 100,
        "__EMPTY_12": 100,
        "__EMPTY_13": 1700,
        "__EMPTY_14": 130.7692308
    },
    {
        "Splurket DRAFT": "Total Direct Expenses",
        "__EMPTY": 600,
        "__EMPTY_1": 1129,
        "__EMPTY_2": 1150,
        "__EMPTY_3": 1150,
        "__EMPTY_4": 650,
        "__EMPTY_5": 650,
        "__EMPTY_6": 650,
        "__EMPTY_7": 650,
        "__EMPTY_8": 650,
        "__EMPTY_9": 650,
        "__EMPTY_10": 650,
        "__EMPTY_11": 650,
        "__EMPTY_12": 650,
        "__EMPTY_13": 9879,
        "__EMPTY_14": 759.9230769
    },
    {
        "Splurket DRAFT": "Overhead"
    },
    {
        "Splurket DRAFT": "Corporate Office Rents",
        "__EMPTY_15": "&lt;----What does it cost to rent and office/ Cube?"
    },
    {
        "Splurket DRAFT": "Other Office Rents",
        "__EMPTY_4": "",
        "__EMPTY_6": "",
        "__EMPTY_7": "",
        "__EMPTY_8": "",
        "__EMPTY_9": "",
        "__EMPTY_10": "",
        "__EMPTY_11": "",
        "__EMPTY_12": "",
        "__EMPTY_13": 0,
        "__EMPTY_14": 0
    },
    {
        "Splurket DRAFT": "Phone",
        "__EMPTY": 20,
        "__EMPTY_1": 20,
        "__EMPTY_2": 20,
        "__EMPTY_3": 20,
        "__EMPTY_4": 20,
        "__EMPTY_5": 20,
        "__EMPTY_6": 20,
        "__EMPTY_7": 20,
        "__EMPTY_8": 20,
        "__EMPTY_9": 20,
        "__EMPTY_10": 20,
        "__EMPTY_11": 20,
        "__EMPTY_12": 20,
        "__EMPTY_13": 260,
        "__EMPTY_14": 20
    },
    {
        "Splurket DRAFT": "Internet",
        "__EMPTY": 40,
        "__EMPTY_1": 40,
        "__EMPTY_2": 40,
        "__EMPTY_3": 40,
        "__EMPTY_4": 40,
        "__EMPTY_5": 40,
        "__EMPTY_6": 40,
        "__EMPTY_7": 40,
        "__EMPTY_8": 40,
        "__EMPTY_9": 40,
        "__EMPTY_10": 40,
        "__EMPTY_11": 40,
        "__EMPTY_12": 40,
        "__EMPTY_13": 520,
        "__EMPTY_14": 40
    },
    {
        "Splurket DRAFT": "Adobe",
        "__EMPTY": 15,
        "__EMPTY_1": 15,
        "__EMPTY_2": 15,
        "__EMPTY_3": 15,
        "__EMPTY_4": 15,
        "__EMPTY_5": 15,
        "__EMPTY_6": 15,
        "__EMPTY_7": 15,
        "__EMPTY_8": 15,
        "__EMPTY_9": 15,
        "__EMPTY_10": 15,
        "__EMPTY_11": 15,
        "__EMPTY_12": 15,
        "__EMPTY_13": 195,
        "__EMPTY_14": 15
    },
    {
        "Splurket DRAFT": "Zoom",
        "__EMPTY": 15,
        "__EMPTY_1": 15,
        "__EMPTY_2": 15,
        "__EMPTY_3": 15,
        "__EMPTY_4": 15,
        "__EMPTY_5": 15,
        "__EMPTY_6": 15,
        "__EMPTY_7": 15,
        "__EMPTY_8": 15,
        "__EMPTY_9": 15,
        "__EMPTY_10": 15,
        "__EMPTY_11": 15,
        "__EMPTY_12": 15,
        "__EMPTY_13": 195,
        "__EMPTY_14": 15
    },
    {
        "Splurket DRAFT": "Linked In",
        "__EMPTY": 50,
        "__EMPTY_1": 50,
        "__EMPTY_2": 50,
        "__EMPTY_3": 50,
        "__EMPTY_4": 50,
        "__EMPTY_5": 50,
        "__EMPTY_6": 50,
        "__EMPTY_7": 50,
        "__EMPTY_8": 50,
        "__EMPTY_9": 50,
        "__EMPTY_10": 50,
        "__EMPTY_11": 50,
        "__EMPTY_12": 50,
        "__EMPTY_13": 650,
        "__EMPTY_14": 50
    },
    {
        "Splurket DRAFT": "Dry Cleaning/ Linen",
        "__EMPTY": 50,
        "__EMPTY_1": 50,
        "__EMPTY_2": 50,
        "__EMPTY_3": 50,
        "__EMPTY_4": 50,
        "__EMPTY_5": 50,
        "__EMPTY_6": 50,
        "__EMPTY_7": 50,
        "__EMPTY_8": 50,
        "__EMPTY_9": 50,
        "__EMPTY_10": 50,
        "__EMPTY_11": 50,
        "__EMPTY_12": 50,
        "__EMPTY_13": 650,
        "__EMPTY_14": 50
    },
    {
        "Splurket DRAFT": "Insurance?",
        "__EMPTY": 100,
        "__EMPTY_1": 100,
        "__EMPTY_2": 100,
        "__EMPTY_3": 100,
        "__EMPTY_4": 100,
        "__EMPTY_5": 100,
        "__EMPTY_6": 100,
        "__EMPTY_7": 100,
        "__EMPTY_8": 100,
        "__EMPTY_9": 100,
        "__EMPTY_10": 100,
        "__EMPTY_11": 100,
        "__EMPTY_12": 100,
        "__EMPTY_13": 1300,
        "__EMPTY_14": 100,
        "__EMPTY_15": "liability, property, etc"
    },
    {
        "__EMPTY_13": 0,
        "__EMPTY_14": 0
    },
    {
        "__EMPTY_13": 0,
        "__EMPTY_14": 0
    },
    {
        "Splurket DRAFT": "Total Overhead",
        "__EMPTY": 290,
        "__EMPTY_1": 290,
        "__EMPTY_2": 290,
        "__EMPTY_3": 290,
        "__EMPTY_4": 290,
        "__EMPTY_5": 290,
        "__EMPTY_6": 290,
        "__EMPTY_7": 290,
        "__EMPTY_8": 290,
        "__EMPTY_9": 290,
        "__EMPTY_10": 290,
        "__EMPTY_11": 290,
        "__EMPTY_12": 290,
        "__EMPTY_13": 3770,
        "__EMPTY_14": 290,
        "__EMPTY_15": "&lt;---- seems low"
    },
    {
        "Splurket DRAFT": "Other Expenses"
    },
    {
        "Splurket DRAFT": "Subscriptions and Dues",
        "__EMPTY_1": 25,
        "__EMPTY_2": 25,
        "__EMPTY_3": 25,
        "__EMPTY_4": 25,
        "__EMPTY_5": 25,
        "__EMPTY_6": 25,
        "__EMPTY_7": 25,
        "__EMPTY_8": 25,
        "__EMPTY_9": 25,
        "__EMPTY_10": 25,
        "__EMPTY_11": 25,
        "__EMPTY_12": 25,
        "__EMPTY_13": 300,
        "__EMPTY_14": 23.07692308
    },
    {
        "Splurket DRAFT": "Charitable Contributions",
        "__EMPTY": 100,
        "__EMPTY_1": 100,
        "__EMPTY_2": 100,
        "__EMPTY_3": 100,
        "__EMPTY_4": 100,
        "__EMPTY_5": 100,
        "__EMPTY_6": 100,
        "__EMPTY_7": 100,
        "__EMPTY_8": 100,
        "__EMPTY_9": 100,
        "__EMPTY_10": 100,
        "__EMPTY_11": 100,
        "__EMPTY_12": 100,
        "__EMPTY_13": 1300,
        "__EMPTY_14": 100
    },
    {
        "Splurket DRAFT": "Startup and Org Costs",
        "__EMPTY_1": 5000,
        "__EMPTY_13": 5000,
        "__EMPTY_14": 384.6153846,
        "__EMPTY_15": "&lt;----when will this come into play?"
    },
    {
        "Splurket DRAFT": "Property Taxes",
        "__EMPTY_13": 0,
        "__EMPTY_14": 0,
        "__EMPTY_15": "&lt;---minimal, likely can avoid…?"
    },
    {
        "Splurket DRAFT": "Lobbying",
        "__EMPTY_13": 0,
        "__EMPTY_14": 0,
        "__EMPTY_15": "Not yet"
    },
    {
        "Splurket DRAFT": "Key Man life insurance?",
        "__EMPTY_13": 0,
        "__EMPTY_14": 0
    },
    {
        "Splurket DRAFT": "Total Other Expenses",
        "__EMPTY": 100,
        "__EMPTY_1": 5125,
        "__EMPTY_2": 125,
        "__EMPTY_3": 125,
        "__EMPTY_4": 125,
        "__EMPTY_5": 125,
        "__EMPTY_6": 125,
        "__EMPTY_7": 125,
        "__EMPTY_8": 125,
        "__EMPTY_9": 125,
        "__EMPTY_10": 125,
        "__EMPTY_11": 125,
        "__EMPTY_12": 125,
        "__EMPTY_13": 6600,
        "__EMPTY_14": 507.6923077
    },
    {
        "Splurket DRAFT": "EBITDA",
        "__EMPTY": 710,
        "__EMPTY_1": -8774,
        "__EMPTY_2": -3795,
        "__EMPTY_3": 6705,
        "__EMPTY_4": -5295,
        "__EMPTY_5": -5295,
        "__EMPTY_6": 7205,
        "__EMPTY_7": -5295,
        "__EMPTY_8": -5295,
        "__EMPTY_9": 12205,
        "__EMPTY_10": -5295,
        "__EMPTY_11": -5295,
        "__EMPTY_12": 17205,
        "__EMPTY_13": -309,
        "__EMPTY_14": -23.76923077
    },
    {
        "Splurket DRAFT": "Other Non Operating Expense"
    },
    {
        "Splurket DRAFT": "SE Tax allowance",
        "__EMPTY": 53.25,
        "__EMPTY_1": 0,
        "__EMPTY_2": 0,
        "__EMPTY_3": 502.875,
        "__EMPTY_4": 0,
        "__EMPTY_5": 0,
        "__EMPTY_6": 540.375,
        "__EMPTY_7": 0,
        "__EMPTY_8": 0,
        "__EMPTY_9": 915.375,
        "__EMPTY_10": 0,
        "__EMPTY_11": 0,
        "__EMPTY_12": 1290.375,
        "__EMPTY_13": 3302.25,
        "__EMPTY_14": 254.0192308
    },
    {
        "Splurket DRAFT": "Interest/ Debt Service",
        "__EMPTY_13": 0,
        "__EMPTY_14": 0
    },
    {
        "Splurket DRAFT": "Total Non Operating Expense",
        "__EMPTY": 53.25,
        "__EMPTY_1": 0,
        "__EMPTY_2": 0,
        "__EMPTY_3": 502.875,
        "__EMPTY_4": 0,
        "__EMPTY_5": 0,
        "__EMPTY_6": 540.375,
        "__EMPTY_7": 0,
        "__EMPTY_8": 0,
        "__EMPTY_9": 915.375,
        "__EMPTY_10": 0,
        "__EMPTY_11": 0,
        "__EMPTY_12": 1290.375,
        "__EMPTY_13": 3302.25,
        "__EMPTY_14": 254.0192308
    },
    {
        "Splurket DRAFT": "Total Expenses",
        "__EMPTY": 943.25,
        "__EMPTY_1": 4349,
        "__EMPTY_2": 4370,
        "__EMPTY_3": 6872.875,
        "__EMPTY_4": 5870,
        "__EMPTY_5": 5870,
        "__EMPTY_6": 6410.375,
        "__EMPTY_7": 5870,
        "__EMPTY_8": 5870,
        "__EMPTY_9": 6785.375,
        "__EMPTY_10": 5870,
        "__EMPTY_11": 5870,
        "__EMPTY_12": 7160.375,
        "__EMPTY_13": 72111.25,
        "__EMPTY_14": 5547.019231
    },
    {
        "Splurket DRAFT": "Net Income",
        "__EMPTY": 756.75,
        "__EMPTY_1": -3649,
        "__EMPTY_2": -3670,
        "__EMPTY_3": 6327.125,
        "__EMPTY_4": -5170,
        "__EMPTY_5": -5170,
        "__EMPTY_6": 6789.625,
        "__EMPTY_7": -5170,
        "__EMPTY_8": -5170,
        "__EMPTY_9": 11414.625,
        "__EMPTY_10": -5170,
        "__EMPTY_11": -5170,
        "__EMPTY_12": 16039.625,
        "__EMPTY_13": 2988.75,
        "__EMPTY_14": 229.9038462
    },
    {
        "__EMPTY": 43922,
        "__EMPTY_1": 43952,
        "__EMPTY_2": 43983,
        "__EMPTY_3": 44013,
        "__EMPTY_4": 44044,
        "__EMPTY_5": 44075,
        "__EMPTY_6": 44105,
        "__EMPTY_7": 44136,
        "__EMPTY_8": 44166,
        "__EMPTY_9": 44197,
        "__EMPTY_10": 44228,
        "__EMPTY_11": 44256,
        "__EMPTY_12": 44287,
        "__EMPTY_13": "13 Month Total",
        "__EMPTY_14": "Monthly Average"
    },
    {
        "Splurket DRAFT": "Cash flow (Assumes P/L on Cash Basis)"
    },
    {
        "Splurket DRAFT": "Operations"
    },
    {
        "Splurket DRAFT": "Cash receipts (Sales)",
        "__EMPTY": 2000,
        "__EMPTY_1": 1000,
        "__EMPTY_2": 1000,
        "__EMPTY_3": 13500,
        "__EMPTY_4": 1000,
        "__EMPTY_5": 1000,
        "__EMPTY_6": 13500,
        "__EMPTY_7": 1000,
        "__EMPTY_8": 1000,
        "__EMPTY_9": 18500,
        "__EMPTY_10": 1000,
        "__EMPTY_11": 1000,
        "__EMPTY_12": 23500,
        "__EMPTY_13": 79000,
        "__EMPTY_14": 6076.923077
    },
    {
        "Splurket DRAFT": "COGS",
        "__EMPTY": -300,
        "__EMPTY_1": -300,
        "__EMPTY_2": -300,
        "__EMPTY_3": -300,
        "__EMPTY_4": -300,
        "__EMPTY_5": -300,
        "__EMPTY_6": -300,
        "__EMPTY_7": -300,
        "__EMPTY_8": -300,
        "__EMPTY_9": -300,
        "__EMPTY_10": -300,
        "__EMPTY_11": -300,
        "__EMPTY_12": -300,
        "__EMPTY_13": -3900,
        "__EMPTY_14": -300
    },
    {
        "Splurket DRAFT": "Labor",
        "__EMPTY": 0,
        "__EMPTY_1": -2930,
        "__EMPTY_2": -2930,
        "__EMPTY_3": -4930,
        "__EMPTY_4": -4930,
        "__EMPTY_5": -4930,
        "__EMPTY_6": -4930,
        "__EMPTY_7": -4930,
        "__EMPTY_8": -4930,
        "__EMPTY_9": -4930,
        "__EMPTY_10": -4930,
        "__EMPTY_11": -4930,
        "__EMPTY_12": -4930,
        "__EMPTY_13": -55160,
        "__EMPTY_14": -4243.076923
    },
    {
        "Splurket DRAFT": "Direct Expenses",
        "__EMPTY": -600,
        "__EMPTY_1": -1129,
        "__EMPTY_2": -1150,
        "__EMPTY_3": -1150,
        "__EMPTY_4": -650,
        "__EMPTY_5": -650,
        "__EMPTY_6": -650,
        "__EMPTY_7": -650,
        "__EMPTY_8": -650,
        "__EMPTY_9": -650,
        "__EMPTY_10": -650,
        "__EMPTY_11": -650,
        "__EMPTY_12": -650,
        "__EMPTY_13": -9879,
        "__EMPTY_14": -759.9230769
    },
    {
        "Splurket DRAFT": "OH Cash disbursements (A/P)",
        "__EMPTY": -290,
        "__EMPTY_1": -290,
        "__EMPTY_2": -290,
        "__EMPTY_3": -290,
        "__EMPTY_4": -290,
        "__EMPTY_5": -290,
        "__EMPTY_6": -290,
        "__EMPTY_7": -290,
        "__EMPTY_8": -290,
        "__EMPTY_9": -290,
        "__EMPTY_10": -290,
        "__EMPTY_11": -290,
        "__EMPTY_12": -290,
        "__EMPTY_13": -3770,
        "__EMPTY_14": -290
    },
    {
        "Splurket DRAFT": "Other",
        "__EMPTY": -53.25,
        "__EMPTY_1": 0,
        "__EMPTY_2": 0,
        "__EMPTY_3": -502.875,
        "__EMPTY_4": 0,
        "__EMPTY_5": 0,
        "__EMPTY_6": -540.375,
        "__EMPTY_7": 0,
        "__EMPTY_8": 0,
        "__EMPTY_9": -915.375,
        "__EMPTY_10": 0,
        "__EMPTY_11": 0,
        "__EMPTY_12": -1290.375,
        "__EMPTY_13": -3302.25,
        "__EMPTY_14": -254.0192308
    },
    {
        "Splurket DRAFT": "Cash from operations",
        "__EMPTY": 756.75,
        "__EMPTY_1": -3649,
        "__EMPTY_2": -3670,
        "__EMPTY_3": 6327.125,
        "__EMPTY_4": -5170,
        "__EMPTY_5": -5170,
        "__EMPTY_6": 6789.625,
        "__EMPTY_7": -5170,
        "__EMPTY_8": -5170,
        "__EMPTY_9": 11414.625,
        "__EMPTY_10": -5170,
        "__EMPTY_11": -5170,
        "__EMPTY_12": 16039.625,
        "__EMPTY_13": 2988.75,
        "__EMPTY_14": 229.9038462
    },
    {
        "Splurket DRAFT": "Investing"
    },
    {
        "Splurket DRAFT": "Major Maint/Repairs",
        "__EMPTY": 0,
        "__EMPTY_1": 0,
        "__EMPTY_2": 0,
        "__EMPTY_3": 0,
        "__EMPTY_4": 0,
        "__EMPTY_5": 0,
        "__EMPTY_6": 0,
        "__EMPTY_7": 0,
        "__EMPTY_8": 0,
        "__EMPTY_9": 0,
        "__EMPTY_10": 0,
        "__EMPTY_11": 0,
        "__EMPTY_12": 0,
        "__EMPTY_13": 0,
        "__EMPTY_14": 0
    },
    {
        "Splurket DRAFT": "Other Investments",
        "__EMPTY": 0,
        "__EMPTY_1": 0,
        "__EMPTY_2": 0,
        "__EMPTY_3": 0,
        "__EMPTY_4": 0,
        "__EMPTY_5": 0,
        "__EMPTY_6": 0,
        "__EMPTY_7": 0,
        "__EMPTY_8": 0,
        "__EMPTY_9": 0,
        "__EMPTY_10": 0,
        "__EMPTY_11": 0,
        "__EMPTY_12": 0,
        "__EMPTY_13": 0,
        "__EMPTY_14": 0
    },
    {
        "Splurket DRAFT": "Cash from Investing",
        "__EMPTY": 0,
        "__EMPTY_1": 0,
        "__EMPTY_2": 0,
        "__EMPTY_3": 0,
        "__EMPTY_4": 0,
        "__EMPTY_5": 0,
        "__EMPTY_6": 0,
        "__EMPTY_7": 0,
        "__EMPTY_8": 0,
        "__EMPTY_9": 0,
        "__EMPTY_10": 0,
        "__EMPTY_11": 0,
        "__EMPTY_12": 0,
        "__EMPTY_13": 0,
        "__EMPTY_14": 0
    },
    {
        "Splurket DRAFT": "Financing"
    },
    {
        "Splurket DRAFT": "Equity",
        "__EMPTY": 0,
        "__EMPTY_1": 0,
        "__EMPTY_2": 0,
        "__EMPTY_3": 0,
        "__EMPTY_4": 0,
        "__EMPTY_5": 0,
        "__EMPTY_6": 0,
        "__EMPTY_7": 0,
        "__EMPTY_8": 0,
        "__EMPTY_9": 0,
        "__EMPTY_10": 0,
        "__EMPTY_11": 0,
        "__EMPTY_12": 0,
        "__EMPTY_13": 0,
        "__EMPTY_14": 0
    },
    {
        "Splurket DRAFT": "Debt Raise",
        "__EMPTY": 0,
        "__EMPTY_1": 0,
        "__EMPTY_2": 0,
        "__EMPTY_3": 0,
        "__EMPTY_4": 0,
        "__EMPTY_5": 0,
        "__EMPTY_6": 0,
        "__EMPTY_7": 0,
        "__EMPTY_8": 0,
        "__EMPTY_9": 0,
        "__EMPTY_10": 0,
        "__EMPTY_11": 0,
        "__EMPTY_12": 0,
        "__EMPTY_13": 0,
        "__EMPTY_14": 0,
        "__EMPTY_15": "&lt;---- SBA?  M&amp;D?  BBS?"
    },
    {
        "Splurket DRAFT": "Debt Service (Mort)",
        "__EMPTY": 0,
        "__EMPTY_1": 0,
        "__EMPTY_2": 0,
        "__EMPTY_3": 0,
        "__EMPTY_4": 0,
        "__EMPTY_5": 0,
        "__EMPTY_6": 0,
        "__EMPTY_7": 0,
        "__EMPTY_8": 0,
        "__EMPTY_9": 0,
        "__EMPTY_10": 0,
        "__EMPTY_11": 0,
        "__EMPTY_12": 0,
        "__EMPTY_13": 0,
        "__EMPTY_14": 0
    },
    {
        "Splurket DRAFT": "Cash from Financing",
        "__EMPTY": 0,
        "__EMPTY_1": 0,
        "__EMPTY_2": 0,
        "__EMPTY_3": 0,
        "__EMPTY_4": 0,
        "__EMPTY_5": 0,
        "__EMPTY_6": 0,
        "__EMPTY_7": 0,
        "__EMPTY_8": 0,
        "__EMPTY_9": 0,
        "__EMPTY_10": 0,
        "__EMPTY_11": 0,
        "__EMPTY_12": 0,
        "__EMPTY_13": 0,
        "__EMPTY_14": 0
    },
    {
        "Splurket DRAFT": "Change from last month",
        "__EMPTY": 756.75,
        "__EMPTY_1": -3649,
        "__EMPTY_2": -3670,
        "__EMPTY_3": 6327.125,
        "__EMPTY_4": -5170,
        "__EMPTY_5": -5170,
        "__EMPTY_6": 6789.625,
        "__EMPTY_7": -5170,
        "__EMPTY_8": -5170,
        "__EMPTY_9": 11414.625,
        "__EMPTY_10": -5170,
        "__EMPTY_11": -5170,
        "__EMPTY_12": 16039.625
    },
    {
        "Splurket DRAFT": "Beginning Cash",
        "__EMPTY": 20000,
        "__EMPTY_1": 20756.75,
        "__EMPTY_2": 17107.75,
        "__EMPTY_3": 13437.75,
        "__EMPTY_4": 19764.875,
        "__EMPTY_5": 14594.875,
        "__EMPTY_6": 9424.875,
        "__EMPTY_7": 16214.5,
        "__EMPTY_8": 11044.5,
        "__EMPTY_9": 5874.5,
        "__EMPTY_10": 17289.125,
        "__EMPTY_11": 12119.125,
        "__EMPTY_12": 6949.125
    },
    {
        "Splurket DRAFT": "Ending Cash",
        "__EMPTY": 20756.75,
        "__EMPTY_1": 17107.75,
        "__EMPTY_2": 13437.75,
        "__EMPTY_3": 19764.875,
        "__EMPTY_4": 14594.875,
        "__EMPTY_5": 9424.875,
        "__EMPTY_6": 16214.5,
        "__EMPTY_7": 11044.5,
        "__EMPTY_8": 5874.5,
        "__EMPTY_9": 17289.125,
        "__EMPTY_10": 12119.125,
        "__EMPTY_11": 6949.125,
        "__EMPTY_12": 22988.75
    },
    {
        "Splurket DRAFT": "Headcount "
    },
    {
        "Splurket DRAFT": "Direct"
    },
    {
        "Splurket DRAFT": "Owner/ Principal",
        "__EMPTY": 1,
        "__EMPTY_1": 1,
        "__EMPTY_2": 1,
        "__EMPTY_3": 1,
        "__EMPTY_4": 1,
        "__EMPTY_5": 1,
        "__EMPTY_6": 1,
        "__EMPTY_7": 1,
        "__EMPTY_8": 1,
        "__EMPTY_9": 1,
        "__EMPTY_10": 1,
        "__EMPTY_11": 1,
        "__EMPTY_12": 1
    },
    {
        "Splurket DRAFT": "IT/ Grants Admin",
        "__EMPTY": 0,
        "__EMPTY_1": 0,
        "__EMPTY_2": 0,
        "__EMPTY_3": 0,
        "__EMPTY_4": 0,
        "__EMPTY_5": 0,
        "__EMPTY_6": 0,
        "__EMPTY_7": 0,
        "__EMPTY_8": 0,
        "__EMPTY_9": 0,
        "__EMPTY_10": 0,
        "__EMPTY_11": 0,
        "__EMPTY_12": 0
    },
    {
        "__EMPTY": 0,
        "__EMPTY_1": 0,
        "__EMPTY_2": 0,
        "__EMPTY_3": 0,
        "__EMPTY_4": 0,
        "__EMPTY_5": 0,
        "__EMPTY_6": 0,
        "__EMPTY_7": 0,
        "__EMPTY_8": 0,
        "__EMPTY_9": 0,
        "__EMPTY_10": 0,
        "__EMPTY_11": 0,
        "__EMPTY_12": 0
    },
    {
        "Splurket DRAFT": "Bookkeeper/ Assistant",
        "__EMPTY": 0,
        "__EMPTY_1": 0,
        "__EMPTY_2": 0,
        "__EMPTY_3": 0,
        "__EMPTY_4": 0,
        "__EMPTY_5": 0,
        "__EMPTY_6": 0,
        "__EMPTY_7": 0,
        "__EMPTY_8": 0,
        "__EMPTY_9": 0,
        "__EMPTY_10": 0,
        "__EMPTY_11": 0,
        "__EMPTY_12": 0
    },
    {
        "Splurket DRAFT": "Total Direct HC",
        "__EMPTY": 1,
        "__EMPTY_1": 1,
        "__EMPTY_2": 1,
        "__EMPTY_3": 1,
        "__EMPTY_4": 1,
        "__EMPTY_5": 1,
        "__EMPTY_6": 1,
        "__EMPTY_7": 1,
        "__EMPTY_8": 1,
        "__EMPTY_9": 1,
        "__EMPTY_10": 1,
        "__EMPTY_11": 1,
        "__EMPTY_12": 1
    },
    {
        "Splurket DRAFT": "Indirect"
    },
    {
        "Splurket DRAFT": "Bookkeeper/ Assistant",
        "__EMPTY": 0,
        "__EMPTY_1": 0,
        "__EMPTY_2": 0,
        "__EMPTY_3": 0,
        "__EMPTY_4": 0,
        "__EMPTY_5": 0,
        "__EMPTY_6": 0,
        "__EMPTY_7": 0,
        "__EMPTY_8": 0,
        "__EMPTY_9": 0,
        "__EMPTY_10": 0,
        "__EMPTY_11": 0,
        "__EMPTY_12": 0
    },
    {
        "Splurket DRAFT": "Total Headcount",
        "__EMPTY": 1,
        "__EMPTY_1": 1,
        "__EMPTY_2": 1,
        "__EMPTY_3": 1,
        "__EMPTY_4": 1,
        "__EMPTY_5": 1,
        "__EMPTY_6": 1,
        "__EMPTY_7": 1,
        "__EMPTY_8": 1,
        "__EMPTY_9": 1,
        "__EMPTY_10": 1,
        "__EMPTY_11": 1,
        "__EMPTY_12": 1
    }
]